Position, Company, Location, URL
[ PPM솔루션 클로바인] 연구소 IT 테크 직군 서비스개발 개발자의 전체 세부 정보,헤븐트리,대구 수성구,https://kr.indeed.com/rc/clk?jk=6d5e929eb624acd4&fccid=81880cb2b512246a&vjs=3
[PPM솔루션 클로바인] 연구소 IT 테크 직군 운영관리 개발자의 전체 세부 정보,헤븐트리,대구 수성구,https://kr.indeed.com/rc/clk?jk=6916bd41820052e9&fccid=81880cb2b512246a&vjs=3
(주)누리기술 신입 및 경력 프로그래머 (C++  Python)의 전체 세부 정보,누리기술,대구 수성구,https://kr.indeed.com/rc/clk?jk=9fb1bf156c419110&fccid=6bb693f7d22f2adc&vjs=3
지방임기제공무원 데이터 기획 및 분석 임용시험 공고의 전체 세부 정보,대구광역시청,대구 동인동,https://kr.indeed.com/rc/clk?jk=0376d27e53275198&fccid=b81eaa3df64ddaf4&vjs=3
신입/경력 개발자 (프론트엔드 2명  백엔드 2명  퍼블리셔 2명)의 전체 세부 정보,아이디벨,경기도 하남,https://kr.indeed.com/rc/clk?jk=c7c7fad88cc53436&fccid=4561e46cc3f91920&vjs=3
[정규직] 2022년 소프트웨어 연구개발 신입/경력 사원의 전체 세부 정보,스카이시스,울산 북구,https://kr.indeed.com/rc/clk?jk=9f50e72b1130520d&fccid=c182093a93404981&vjs=3
자산운용팀 전략/리스크팀 퀀트(겨울방학 인턴)의 전체 세부 정보,마이퍼스트에셋자산운용,대한민국,https://kr.indeed.com/rc/clk?jk=872035f47cfd4850&fccid=e26f0428e52f0752&vjs=3
2022년 하반기 SW개발자 대졸 신입공채 (연계형 인턴)의 전체 세부 정보,휴머스온,서울 강남구,https://kr.indeed.com/rc/clk?jk=f330a99c269b7134&fccid=0f0cefe2bfbdc954&vjs=3
AI 영상처리 알고리즘 개발자의 전체 세부 정보,에스케이텔레콤,성남 분당구,https://kr.indeed.com/rc/clk?jk=d2b4fb4e11a672d9&fccid=ce2f0f28b40a5be8&vjs=3
[신입/경력] 인프라 엔지니어의 전체 세부 정보,구름,성남 분당구,https://kr.indeed.com/rc/clk?jk=c016fc497739f7cc&fccid=93116efd0859e0ce&vjs=3
라인프렌즈 2022년 각 부문 수시의 전체 세부 정보,라인프렌즈,서울 용산구,https://kr.indeed.com/rc/clk?jk=1015284880e2ff62&fccid=b6f22bcb6078a2c4&vjs=3
[제주항공] 2022년 일반직 수시(경력/신입)의 전체 세부 정보,제주항공,서울 강서구,https://kr.indeed.com/rc/clk?jk=cb7f5860d7ca04e3&fccid=a2bdff0905eacd91&vjs=3
ETF운용팀 (신입사원-대리급)의 전체 세부 정보,신한자산운용,대한민국,https://kr.indeed.com/rc/clk?jk=0a7d793321e65446&fccid=d93d518e8dbb7037&vjs=3
빅데이터 엔지니어 신입/경력 정규직의 전체 세부 정보,hTLM HR,안양 동안구,https://kr.indeed.com/rc/clk?jk=4ceafc901a095d43&fccid=500eaf9389fd6cac&vjs=3
한국필립모리스 2022년 상반기 수시의 전체 세부 정보,한국필립모리스㈜,서울 영등포구,https://kr.indeed.com/rc/clk?jk=44e9ac7f0f94e784&fccid=fb7e65f74b012d18&vjs=3
프로그래밍  네트워크/정보보안  IoT/사물인터넷 직업훈련교사의 전체 세부 정보,경북산업직업전문학교,대구 동구,https://kr.indeed.com/rc/clk?jk=ad11977802e389f8&fccid=92a9077f5974d412&vjs=3
자율 주행  로봇 SW 개발자의 전체 세부 정보,에바,성남 수정구,https://kr.indeed.com/rc/clk?jk=e30fe92d72ceb17c&fccid=5cc87f5890bd7170&vjs=3
인공지능/블록체인 교육과정 (2022 경남 ICT이노베이션)의 전체 세부 정보,재단법인 한국에이아이블록체인융합원,경상남도,https://kr.indeed.com/rc/clk?jk=03d1a750c49e7930&fccid=f05769bef089cf29&vjs=3
NPU 런타임 SW 엔지니어의 전체 세부 정보,딥엑스,성남 분당구,https://kr.indeed.com/rc/clk?jk=35c2ac41489508c1&fccid=e34932b8232a173b&vjs=3
추천 시스템 연구/개발의 전체 세부 정보,카카오,성남 판교역,https://kr.indeed.com/rc/clk?jk=be6c1f03fa566f8e&fccid=32b9af632cf3b9f9&vjs=3
영상처리  컴퓨터 비전 전문가 (신입/경력)의 전체 세부 정보,에바,성남 수정구,https://kr.indeed.com/rc/clk?jk=2642a83874ea6bab&fccid=5cc87f5890bd7170&vjs=3
빅데이터 리더 정규직의 전체 세부 정보,hTLM HR,안양 동안구,https://kr.indeed.com/rc/clk?jk=f5db967bfdd0390f&fccid=500eaf9389fd6cac&vjs=3
NAVER  LINE 서비스 플랫폼 운영의 전체 세부 정보,엔아이티서비스,성남 분당구,https://kr.indeed.com/rc/clk?jk=ce842726ea136440&fccid=d389f1042b660837&vjs=3
지방임기제공무원 역량평가 및 역량교육 임용시험 공고의 전체 세부 정보,대구광역시청,대구 동인동,https://kr.indeed.com/rc/clk?jk=504b08a864090deb&fccid=b81eaa3df64ddaf4&vjs=3
SW개발 전문연구요원 편입(병역특례)의 전체 세부 정보,라이트비전,서울 성동구,https://kr.indeed.com/rc/clk?jk=3c059b366664bb1c&fccid=e391d8e930358bac&vjs=3
로봇 응용 SW 개발자 (로봇응용개발팀)의 전체 세부 정보,클로봇,성남 분당구,https://kr.indeed.com/rc/clk?jk=35dd5756954743a0&fccid=bacbf86a93a05796&vjs=3
데이터베이스개발자  웹개발 신입/경력 정규직의 전체 세부 정보,여의도사람들,서울 영등포구,https://kr.indeed.com/rc/clk?jk=e91b5984e7f5d3fd&fccid=298f56956b7c691f&vjs=3
NHN아카데미 JAVA 백엔드 개발과정 교육생 2기의 전체 세부 정보,엔에이치엔아카데미,경상남도 김해,https://kr.indeed.com/rc/clk?jk=23a3c49b0b0f3341&fccid=88ef88be38ee3263&vjs=3
[2022신입공채] AI R&D - Language AI의 전체 세부 정보,엔씨소프트,성남 판교역,https://kr.indeed.com/rc/clk?jk=e07526c75a65756d&fccid=a1e4e21b1f33cf40&vjs=3
미래 인재 DB[신입]의 전체 세부 정보,현대자동차그룹,대한민국,https://kr.indeed.com/rc/clk?jk=48887cfdd68e6335&fccid=980d6ecc399a3373&vjs=3
신입 및 경력직원의 전체 세부 정보,한국자산평가,대한민국,https://kr.indeed.com/rc/clk?jk=bc43a36fef870b9a&fccid=413114278f3d6174&vjs=3
응용소프트웨어[인공지능(AI)  Python 등] 신입/경력 정규직의 전체 세부 정보,쿠노소프트,서울 성북구,https://kr.indeed.com/rc/clk?jk=2bc8b58abe63d404&fccid=f2fc7b11fc1dd68f&vjs=3
2022년 하반기 원익 대졸공채의 전체 세부 정보,원익,경기도 평택,https://kr.indeed.com/rc/clk?jk=520d9f842d3ea0e0&fccid=9f33fc7cb01e2196&vjs=3
DGIST 2019년 제1차 계약직원 공개채용 공고의 전체 세부 정보,대구경북과학기술원,대구 현풍면,https://kr.indeed.com/rc/clk?jk=4cd34228af5013fd&fccid=a0e87e3780944019&vjs=3
[선행기술원] Virtual검증 _ 검증/해석[책임연구원]의 전체 세부 정보,현대자동차그룹,성남 판교역,https://kr.indeed.com/rc/clk?jk=0d571c647c477c68&fccid=980d6ecc399a3373&vjs=3
딥러닝  인공지능(AI) 외 신입/경력 정규직의 전체 세부 정보,포인드,경상북도 구미,https://kr.indeed.com/rc/clk?jk=70a46428f3c9a12a&fccid=8c06ac232e35577e&vjs=3
로봇 응용 SW 개발자 (제어시스템개발팀)의 전체 세부 정보,클로봇,성남 분당구,https://kr.indeed.com/rc/clk?jk=c511ed24e70b0457&fccid=bacbf86a93a05796&vjs=3
교통대 AI교육 고급과정(이론&실전프로젝트) 교육생의 전체 세부 정보,한국교통대학교,충청북도 충주,https://kr.indeed.com/rc/clk?jk=8cbfc3592ee95cf7&fccid=c311bda031f08d3d&vjs=3
MES Software Engineer 신입/경력 채용의 전체 세부 정보,Applied Materials,대한민국,https://kr.indeed.com/rc/clk?jk=acd10eef4b5ed288&fccid=6c6f37e2a6cb4c55&vjs=3
[한국전기안전공사] 2022년 하반기 경력직의 전체 세부 정보,한국전기안전공사,전라북도 완주,https://kr.indeed.com/rc/clk?jk=1e81440aa0ed276a&fccid=ba35eb7d48548b2d&vjs=3
Technical Support Engineer의 전체 세부 정보,MiR,대한민국,https://kr.indeed.com/rc/clk?jk=d205194a9ea8d437&fccid=fc5c650704eef98c&vjs=3
[위메프서비스] 대용량처리 서비스 백엔드개발자의 전체 세부 정보,위메프,대한민국,https://kr.indeed.com/rc/clk?jk=ff2f329209fe2caa&fccid=2f8799a5ef214646&vjs=3
[DB하이텍] 2022년 하반기 신입사원의 전체 세부 정보,DB하이텍,성남 분당구,https://kr.indeed.com/rc/clk?jk=0a25ad659ade2a31&fccid=eea775a7968b4a3d&vjs=3
2022년 하반기전제형 인턴십(리테일  홀세일  리서치RA  IT  ~10/5)의 전체 세부 정보,이베스트투자증권,대한민국,https://kr.indeed.com/rc/clk?jk=50259181d63f3707&fccid=3e0e7a7b61ade699&vjs=3
[데이터/마케팅/IT개발] 일반직(경력) 상시의 전체 세부 정보,한국평가데이터,서울 영등포구,https://kr.indeed.com/rc/clk?jk=15c7509b65eaa6e6&fccid=7936dc2e7d11e91f&vjs=3
2022년 상반기 주식회사 쏘마 전 개발 직군 (백엔드  프론트엔드 외 신입/경력 정규직)의 전체 세부 정보,쏘마,성남 분당구,https://kr.indeed.com/rc/clk?jk=13ef6f86810c0843&fccid=a3463f311ce6421e&vjs=3
ManGrow inc. 백엔드 신입 개발자의 전체 세부 정보,맨그로,서울 서초구,https://kr.indeed.com/rc/clk?jk=9e0757c3d46824fd&fccid=95e5b30c5009b6b7&vjs=3
전문연구요원 (병역특례) 수시 (AI / SW 분야)의 전체 세부 정보,딥엑스,성남 분당구,https://kr.indeed.com/rc/clk?jk=d83fc0dd2641f483&fccid=e34932b8232a173b&vjs=3
컴퓨터비전 개발자 경력 정규직의 전체 세부 정보,라이트비전,서울 성동구,https://kr.indeed.com/rc/clk?jk=588d65ef49406862&fccid=e391d8e930358bac&vjs=3
DGIST 제2차 계약직 연구원 채용공고의 전체 세부 정보,대구경북과학기술원,대구 현풍면,https://kr.indeed.com/rc/clk?jk=2cfd15907402c5cc&fccid=a0e87e3780944019&vjs=3
[전문연구요원] 의료영상 리서치 엔지니어 정규직의 전체 세부 정보,메디픽셀,서울 마포구,https://kr.indeed.com/rc/clk?jk=3544467a7b64376f&fccid=aba88c202493b8a5&vjs=3
애플리케이션 개발자&컨설턴트 정규직의 전체 세부 정보,디지포머싸스랩,서울 강남구,https://kr.indeed.com/rc/clk?jk=f8bfec7bfbdffd0a&fccid=20b90fd47dc8bed1&vjs=3
2022년 하반기 원익그룹 신입박사의 전체 세부 정보,원익,경기도 평택,https://kr.indeed.com/rc/clk?jk=8266ec2fe4e0629e&fccid=9f33fc7cb01e2196&vjs=3
Technical Consultant의 전체 세부 정보,Veeva Systems,경기도,https://kr.indeed.com/rc/clk?jk=d1dd8d47fe59b61c&fccid=353eb997fc901045&vjs=3
Windows/Linux 기반의 응용 프로그램 개발자의 전체 세부 정보,올에이아이,성남 분당구,https://kr.indeed.com/rc/clk?jk=00ed5d804bfb4be0&fccid=8c82964cc64f223f&vjs=3
OpenCV/MATLAB/TensorFlow/Python/C/C++/Linux 알고리즘 엔지니어의 전체 세부 정보,더마미러,서울 서초구,https://kr.indeed.com/rc/clk?jk=7f9cb876321eb60f&fccid=f401a9b533c97602&vjs=3
C·C++  Python 외 신입/경력 정규직  인턴의 전체 세부 정보,골드엔에프티,성남 분당구,https://kr.indeed.com/rc/clk?jk=6d7d21ddb25ec3e1&fccid=8e714aa9ea8ab527&vjs=3
2022년 상반기 백엔드 개발자의 전체 세부 정보,반달소프트,성남 분당구,https://kr.indeed.com/rc/clk?jk=1601f1bfe3302af5&fccid=f35f7fc5e918087a&vjs=3
[PPM솔루션 클로바인] 연구소 IT 테크 직군 선행연구 개발자의 전체 세부 정보,헤븐트리,서울 강남구,https://kr.indeed.com/rc/clk?jk=ea23fdac1fec9112&fccid=81880cb2b512246a&vjs=3
[경력직 ] 플랫폼혁신본부 빅데이터센터의 전체 세부 정보,NH투자증권,서울 영등포구,https://kr.indeed.com/rc/clk?jk=ee90b627b526ae89&fccid=b449d5d42bf7e581&vjs=3
SW Development Engineer의 전체 세부 정보,KLA,대한민국,https://kr.indeed.com/rc/clk?jk=421259d776655193&fccid=c8fc142c28286059&vjs=3
패션고 추천모델링 연구 개발의 전체 세부 정보,NHN FashionGo korea,성남 판교역,https://kr.indeed.com/rc/clk?jk=e13c32ba4eff23da&fccid=a72ebaf825acf7af&vjs=3
Data Scientist (KOREA)의 전체 세부 정보,No deviation Pte Ltd,충청북도 청주,https://kr.indeed.com/rc/clk?jk=ea23e376c32ece8b&fccid=1685f7430879dfc6&vjs=3
MES Software Engineer 신입/경력의 전체 세부 정보,어플라이드 머티리얼즈 코리아,성남 분당구,https://kr.indeed.com/rc/clk?jk=7e1d0115d74f85a0&fccid=5ac8c65e1fc289af&vjs=3
DNN 모델 개발 엔지니어의 전체 세부 정보,딥엑스,성남 분당구,https://kr.indeed.com/rc/clk?jk=303d8c644a5f2e0f&fccid=e34932b8232a173b&vjs=3
LINE Wallet & Fintech - ML/Data Scientist의 전체 세부 정보,LINE Plus corporation,대한민국,https://kr.indeed.com/rc/clk?jk=9afed99204907bdf&fccid=e90e80bc9ed9a53f&vjs=3
[카카오 콘텐츠] 데이터 엔지니어 모집의 전체 세부 정보,카카오,대한민국,https://kr.indeed.com/rc/clk?jk=1174b224bed61f3d&fccid=32b9af632cf3b9f9&vjs=3
GIS Analyst South Korea의 전체 세부 정보,Lightsource BP,대한민국,https://kr.indeed.com/company/Lightsource-BP/jobs/GIS-Analyst-South-Korea-fbc48a4d15b2ad89?fccid=952fc0f310b49a49&vjs=3
Python개발자 (연구 상용화)의 전체 세부 정보,뉴로핏,서울 강남구,https://kr.indeed.com/rc/clk?jk=8085becba7435787&fccid=23cbc8f59060f439&vjs=3
[마블러스] 백엔드 개발자 주니어/시니어의 전체 세부 정보,마블러스,대한민국,https://kr.indeed.com/rc/clk?jk=0dad27533fee10c3&fccid=471224a0399e2888&vjs=3
대용량 분산 스토리지 개발자 모집의 전체 세부 정보,카카오,대한민국,https://kr.indeed.com/rc/clk?jk=ffc95eb386fd0b88&fccid=32b9af632cf3b9f9&vjs=3
딥엑스 NPU SDK (DXNN) 개발 엔지니어의 전체 세부 정보,딥엑스,성남 분당구,https://kr.indeed.com/rc/clk?jk=8e91aa6c93de1790&fccid=e34932b8232a173b&vjs=3
Machine Learning Researcher (Computer Vision)의 전체 세부 정보,BOEING,서울,https://kr.indeed.com/rc/clk?jk=5086b5e5634ebf05&fccid=edae4285faf6c2f0&vjs=3
[데이터 사이언티스트] Data Scientist의 전체 세부 정보,노벨리스코리아,경상북도 영주,https://kr.indeed.com/rc/clk?jk=21a7f6fbbff6c51a&fccid=a7b9d00c1d276a7d&vjs=3
Web / Spring Framework Developer (신입/경력)의 전체 세부 정보,에릭슨엘지,서울 금천구,https://kr.indeed.com/rc/clk?jk=d1d20bf4d9310258&fccid=ac974143ce3d6850&vjs=3
Senior Open Source Developer & DevOps (Python  Django  React  AWS/OpenStack),OpenCraft,Anywhere in the World,https://weworkremotely.com/remote-jobs/opencraft-senior-open-source-developer-devops-python-django-react-aws-openstack
Senior Python Engineer: Long-term job - 100% remote,Proxify AB,Anywhere in the World,https://weworkremotely.com/remote-jobs/proxify-ab-senior-python-engineer-long-term-job-100-remote
(Senior) Python Full Stack Software Developer,Optimile,Europe Only,https://weworkremotely.com/remote-jobs/optimile-senior-python-full-stack-software-developer
Python / PHP Senior Developer for Ambitious Startup,Soundsnap/ Beatopia,Europe Only,https://weworkremotely.com/remote-jobs/soundsnap-beatopia-python-php-senior-developer-for-ambitious-startup
Senior Python Developer - Full Remote ,Ebury,Latin America Only/Europe Only,https://weworkremotely.com/remote-jobs/ebury-senior-python-developer-full-remote-1
Python Developer - Remote,UpStack Technologies  Inc.,Americas Only/Europe Only,https://weworkremotely.com/remote-jobs/upstack-technologies-inc-python-developer-remote
Python Developer,Lemon.io,Latin America Only/Europe Only,https://weworkremotely.com/remote-jobs/lemon-io-python-developer-1
Senior Software Engineer  Python,AssemblyAI (YC 17),Anywhere in the World,https://weworkremotely.com/remote-jobs/assemblyai-yc-17-senior-software-engineer-python
Python Platform Engineer,Doximity,Americas Only,https://weworkremotely.com/remote-jobs/doximity-python-platform-engineer
Backend Engineer - Integrations (Python),Cerity Partners LLC,USA Only,https://weworkremotely.com/remote-jobs/cerity-partners-llc-backend-engineer-integrations-python
Senior Python Engineer,Clevertech,Anywhere in the World,https://weworkremotely.com/remote-jobs/clevertech-senior-python-engineer-4
Backend engineer - data ingestion (Python  remote),Gridium,None,https://weworkremotely.com/listings/gridium-backend-engineer-data-ingestion-python-remote-1
Software Development Engineer in Test – Python – Cyprus  Greece or Remote ,XM,Anywhere in the World,https://weworkremotely.com/remote-jobs/xm-software-development-engineer-in-test-python-cyprus-greece-or-remote-1
Senior QA Software Test Automation Engineer – Python – Cyprus  Greece  Remote ,XM,Anywhere in the World,https://weworkremotely.com/remote-jobs/xm-senior-qa-software-test-automation-engineer-python-cyprus-greece-remote-1
